name,phone,email,address,postalZip,currency
Victor Clemons,1-635-196-3743,auctor.ullamcorper@hotmail.ca,Ap #971-2472 Mauris Avenue,6382 SB,$84.91
Uriah Maxwell,1-486-876-6650,augue@hotmail.couk,Ap #252-1281 Tristique St.,674162,$3.62
Evan Whitaker,(558) 887-1767,pretium.aliquet.metus@protonmail.couk,"P.O. Box 362, 7209 Etiam Street",89282,$86.78
Deacon Williams,1-283-561-5531,tellus@google.net,"642-7376 Dolor, Street",11467,$56.22
Eliana Mcconnell,1-623-571-4288,quis.diam@hotmail.com,Ap #741-378 Sed St.,20817,$92.22
Yuli Hurley,1-514-663-5348,odio.semper.cursus@icloud.org,"451-2034 Odio, St.",01108,$12.68
Myra Holcomb,1-173-431-7634,fringilla@outlook.net,908-9236 Aenean Rd.,17242-01251,$66.45
Holly Holland,(228) 876-8736,vestibulum@icloud.org,Ap #216-9183 Nam Avenue,248833,$12.30
Lani Carver,(346) 617-5784,ante.dictum@hotmail.edu,Ap #760-6134 Interdum. Rd.,76185,$60.14
Yvette Richardson,1-611-318-3916,congue.turpis@google.org,1645 Neque. Av.,6468,$57.59
Austin Lloyd,1-925-365-5176,eget.lacus@hotmail.ca,899-3112 Sed Rd.,2971,$9.71
Alana Griffith,(747) 642-7575,in.condimentum@yahoo.net,881-393 Penatibus Rd.,35-52,$51.51
Lester Battle,(305) 575-7874,ullamcorper.magna@protonmail.org,"669 In, St.",35646,$91.60
Joel White,1-208-521-0337,duis.a@google.edu,Ap #872-6496 Donec Road,26253,$62.95
Moses Graham,1-818-411-2421,non.lobortis@aol.org,556-1510 Dictum St.,2270,$78.21
Austin Day,(192) 562-4669,interdum.curabitur@aol.couk,"P.O. Box 682, 4326 Ac Rd.",90750,$17.21
Ethan Scott,1-133-377-1266,proin.mi.aliquam@google.com,6355 Donec Street,84341,$10.76
Hashim Dennis,(815) 187-1710,neque.non@yahoo.couk,146-195 Suspendisse Rd.,415198,$13.60
April Chapman,(395) 677-0703,ac.nulla.in@outlook.com,Ap #177-7084 Dolor Rd.,96735,$50.24
Selma Hogan,(622) 431-4257,dis.parturient.montes@outlook.couk,9614 Nulla St.,1168,$55.59
Aurora Burns,1-508-238-5638,nisl.quisque@hotmail.ca,441-3588 Etiam Street,46437,$23.12
Medge Mcconnell,1-260-990-7025,eros.non.enim@yahoo.couk,"P.O. Box 193, 5252 Velit Road",2364-9973,$27.23
Nelle Mendoza,(762) 259-3420,amet.orci.ut@outlook.net,873-9456 Ipsum Rd.,54421,$77.53
Meredith Finch,(534) 717-3662,purus.ac.tellus@icloud.couk,Ap #422-4625 Parturient Road,88-24,$11.00
Alana Estrada,1-126-852-4650,arcu.aliquam@google.net,Ap #471-7877 Rhoncus Avenue,866558,$35.64
Hayes Hays,1-572-271-6588,cursus@protonmail.ca,6421 Pede Rd.,835561,$56.32
Isabelle Graves,1-515-883-3753,et@google.couk,Ap #440-8304 Mauris St.,50345,$8.60
Matthew Golden,(216) 911-4264,ut.quam.vel@protonmail.ca,201-9879 Dolor Road,45937,$36.46
Garth Baird,1-713-452-1917,et.netus@aol.net,"P.O. Box 664, 3964 Amet Avenue",6614,$46.08
Arthur Hendrix,(758) 637-6311,sem@aol.org,563-1674 In Av.,66578-564,$75.64
Len Nichols,1-431-614-1648,ipsum.donec@aol.net,6258 Risus. Road,10760,$6.40
Bruce Valentine,(861) 421-4705,eros.non.enim@icloud.net,Ap #321-2269 Sed Street,58491-18003,$21.63
Mason Soto,1-610-829-3283,ligula@icloud.edu,979-9763 Porttitor Road,8635,$63.74
Whitney Brennan,1-966-188-7549,purus.mauris@yahoo.net,Ap #723-6697 Nec Av.,3156,$9.39
Kathleen Morse,1-111-963-8283,netus@aol.com,229-5129 Dis Avenue,323869,$48.68
Chanda Emerson,(914) 971-1567,neque@aol.edu,Ap #344-2348 Odio Avenue,1775,$65.99
Leandra Albert,1-728-823-3232,phasellus.nulla@yahoo.edu,"P.O. Box 400, 2030 Semper Rd.",794842,$84.03
Castor Mosley,1-816-846-1251,tincidunt@outlook.net,172-1420 Ut Road,567233,$59.13
Charde Silva,(616) 922-1745,dictum.phasellus@aol.org,733-9301 Pretium Avenue,03-701,$69.99
Jarrod Mccarty,1-213-727-0574,dui@aol.org,"P.O. Box 734, 2235 Duis St.",2104,$58.33
Shelby Ward,(895) 871-7657,nulla.donec.non@google.edu,Ap #738-6288 Nibh. Rd.,87129,$84.09
Savannah Knapp,(361) 330-3457,mauris@aol.net,Ap #759-995 Molestie St.,17154,$94.01
Deanna Gould,1-540-711-5525,tempor.lorem.eget@aol.org,Ap #428-594 Faucibus St.,29025,$35.70
Ainsley Casey,1-317-652-9412,dolor@aol.org,Ap #528-5382 Luctus Av.,243466,$93.75
Porter Castillo,1-643-633-7622,quis.turpis@protonmail.com,"P.O. Box 223, 3757 Non Av.",2831,$10.87
Peter Blanchard,(607) 828-5776,est.ac.facilisis@protonmail.edu,9430 Vulputate Street,488547,$95.53
Debra Brown,1-148-307-8807,eu.placerat@aol.edu,889-2361 Nisi. Street,19508,$82.24
Jolene Boyle,1-864-880-5242,elit.erat@yahoo.com,"P.O. Box 366, 7983 Luctus Avenue",07647,$99.17
Iona Henson,(635) 616-5744,aliquet.vel.vulputate@icloud.edu,"P.O. Box 722, 9454 Nulla Road",83189,$30.05
Hermione Ortega,(945) 440-1906,nunc.est@protonmail.couk,"P.O. Box 369, 5771 Ut, Av.",82-183,$65.77
Kaitlin Flores,(962) 444-4144,at.pede@icloud.org,6256 Habitant Av.,Y5S 4A8,$74.54
Curran Sims,(313) 151-8224,ut.mi@yahoo.ca,598-1751 Litora Avenue,5856,$45.66
Chaney David,1-711-443-4426,urna.et.arcu@aol.org,3154 Adipiscing Avenue,7313,$86.50
Dora Whitney,1-390-485-5337,risus.varius@protonmail.couk,"Ap #717-789 Non, St.",50973,$73.93
Colorado Nolan,1-721-781-6488,in.hendrerit@outlook.edu,910-2391 Phasellus Av.,857448,$40.70
Shaine Drake,1-991-420-4267,non.bibendum@yahoo.ca,758-3567 Eget Ave,XH1V 2SM,$92.81
Kieran Spence,1-629-441-4693,aliquam.ornare.libero@hotmail.couk,Ap #558-7775 Netus St.,853372,$75.98
Cassandra Padilla,(275) 287-2705,quis.pede@google.ca,525-8133 Ligula. St.,7160,$62.98
Tatum Emerson,(378) 343-6071,luctus.curabitur.egestas@aol.ca,Ap #324-996 Nonummy Avenue,4817,$72.37
Rooney Donaldson,(468) 534-3612,magnis.dis@yahoo.net,"9690 Amet, Ave",403881,$76.74
Uriah Allison,1-239-272-0614,tincidunt.pede@outlook.ca,Ap #846-8229 Euismod St.,5682-1364,$97.10
Aladdin Leonard,(914) 252-5439,lectus.pede.et@protonmail.edu,"P.O. Box 828, 4381 Proin Av.",722897,$12.96
Gray Sykes,(532) 978-7623,sem.semper@outlook.net,4377 Lobortis Road,6439,$4.91
Wilma Moses,1-604-188-3442,ac@aol.couk,"P.O. Box 201, 4307 In, Road",487741,$64.52
Isaiah Pace,1-964-851-4320,lobortis.quam@google.com,Ap #150-9095 Sem. St.,50717,$10.77
Steel Brock,(636) 878-1361,eros.nam.consequat@hotmail.couk,1843 Nisi Rd.,348344,$67.40
Haviva Huber,1-713-704-7132,suspendisse.aliquet@aol.net,660-1418 Inceptos Rd.,8035,$97.10
Kitra Mercer,1-801-974-1357,blandit@outlook.com,"P.O. Box 480, 9262 Nunc Rd.",67828-31228,$24.07
Rowan Conrad,(278) 551-6552,dapibus.id@google.couk,473-3866 Adipiscing St.,243073,$65.35
Gavin Yang,(795) 128-5488,leo.elementum@protonmail.couk,"P.O. Box 492, 2880 Vel Rd.",7971,$49.85
Sydney Pruitt,1-727-217-2436,aliquam@icloud.com,2021 Eleifend Street,32-202,$92.84
Cyrus Mathews,(549) 622-6201,vel@outlook.couk,"P.O. Box 726, 5023 Neque. Street",72356,$31.96
Lucy Bradford,(896) 525-1856,semper.egestas@protonmail.com,"867-1736 Et, Road",43651,$56.67
Constance Macdonald,1-548-869-3629,donec.tempus@outlook.ca,446 Phasellus St.,6618-0251,$46.86
Samantha Berry,1-563-633-8663,lectus.pede@aol.org,Ap #207-9911 Aptent Rd.,36629,$3.09
Charity Pearson,(334) 862-7150,enim@outlook.com,148-213 Mauris Av.,504211,$14.55
Cassidy Fuller,(398) 613-3510,quis.arcu@aol.org,"Ap #354-7178 Enim, Street",77101,$48.72
Cassidy Neal,(532) 548-7596,nascetur.ridiculus.mus@hotmail.com,981 Nunc St.,1677,$67.19
Kylee Best,(515) 343-7932,cras.interdum@protonmail.couk,"4500 Odio, Rd.",34721,$60.40
Ria Padilla,1-353-978-6643,lectus.pede@protonmail.net,346-3527 Nulla. St.,TI2G 1DJ,$71.28
Tasha Hurley,(374) 457-8468,proin@protonmail.ca,838-5565 Arcu St.,57-562,$50.65
Clare Walter,1-631-866-5257,magnis.dis@yahoo.couk,"P.O. Box 980, 9511 Auctor Rd.",69632,$39.94
Allen Moon,(882) 818-7484,sagittis.placerat@aol.net,Ap #418-3790 Pellentesque Av.,441208,$4.23
Xavier Meyer,(828) 431-0227,phasellus.at.augue@aol.com,"6560 Montes, Road",44781,$39.95
Castor Love,1-386-224-0822,metus@icloud.org,Ap #239-9982 At Avenue,1808,$99.30
Zephr Pugh,(513) 324-1187,ullamcorper.magna@hotmail.com,743-5092 Quisque Street,626796,$89.12
Ina Clements,1-837-951-3845,mollis.non@outlook.com,1050 Nunc. St.,38132,$92.16
Halee Case,1-118-718-4283,nunc@aol.ca,Ap #106-5314 Sed Rd.,38186,$98.33
Athena Gallagher,(535) 253-5980,donec@hotmail.com,763 Sem Ave,824189,$83.61
Byron Collier,1-345-440-3478,et.nunc@outlook.net,299-8484 Proin St.,4731 KK,$56.24
Anjolie Mueller,1-533-858-2522,lacinia.sed.congue@aol.com,163-7105 Risus. Rd.,21511,$96.97
Cedric Sampson,(584) 637-0508,sed.nunc@protonmail.org,"830-7979 Vel, Ave",1815,$62.60
Clayton Logan,(423) 440-7727,id.ante@aol.org,"292-3974 Eget, St.",599826,$98.57
Gil Klein,1-637-914-1496,nulla.donec@hotmail.org,1892 Sed Avenue,56217,$25.98
Cassandra Rivas,(768) 781-0417,risus.donec@protonmail.edu,257-8002 Congue. Ave,35-66,$34.38
Jemima Kim,1-832-821-7778,tellus@aol.net,"843-8902 Pede, Av.",864625,$97.31
James Swanson,(758) 606-8577,ut.tincidunt.orci@aol.edu,Ap #633-4797 Tellus Rd.,87-938,$31.39
Jerome Moon,1-516-774-8697,massa@protonmail.com,616-796 Lobortis Street,14-267,$29.56
Alvin Horton,(323) 459-7254,enim.condimentum@aol.net,"P.O. Box 908, 9632 Diam St.",87-34,$95.54
Darryl Travis,(777) 178-7288,nunc.sed@icloud.com,Ap #829-3190 Lacus. Av.,56869,$57.96
Noelle Boyer,(755) 613-8723,et.malesuada.fames@icloud.ca,Ap #417-9367 Nec Rd.,40712,$43.90
Lara Banks,1-245-884-4696,neque@outlook.com,"7656 Quis, Rd.",16383-95520,$57.99
Nita Olson,(342) 405-5441,mauris.ut@aol.net,295-4633 Sociis Street,9755,$46.46
Grant Barton,1-321-302-8135,turpis.egestas.aliquam@hotmail.net,850-7374 Auctor St.,8841,$22.88
Hanae Ford,1-452-570-4353,quisque@yahoo.edu,233-7609 Enim. Street,123693,$61.13
Gemma Bush,1-884-487-1896,ullamcorper@protonmail.net,553-5186 Elit Rd.,D0Y 5V8,$79.33
Clayton O'connor,1-815-555-5009,pellentesque.habitant.morbi@protonmail.edu,Ap #141-9363 Tellus Rd.,49-13,$54.48
Nigel Meyer,(297) 571-3779,lacus@google.couk,524-7591 Ante St.,75-22,$1.33
Wallace Miranda,(825) 337-2164,semper.egestas.urna@protonmail.com,"Ap #205-6148 Quis, Av.",501377,$95.52
Merrill Harrington,1-887-921-2257,in.consequat.enim@icloud.edu,341-4749 Ut Avenue,9516,$91.81
Hayes Moss,1-670-747-3313,quam.quis@icloud.ca,Ap #981-1874 Imperdiet Avenue,6409,$67.81
Joseph Curtis,(383) 428-2173,eget.metus.in@icloud.couk,Ap #223-6514 Aliquam Rd.,253473,$73.71
Kitra Levy,1-276-211-1937,aliquet.lobortis@icloud.com,"801-4255 Laoreet, St.",433178,$25.20
Uriel Gamble,1-473-911-6841,erat.vel.pede@icloud.edu,"950-6717 Vitae, Rd.",30108,$67.07
Stephanie Oliver,1-131-365-4865,ac.tellus.suspendisse@outlook.ca,"P.O. Box 510, 6009 Lectus St.",7371-7210,$30.52
Echo Walsh,1-435-726-7042,sodales.at.velit@icloud.edu,Ap #946-6732 Ligula St.,20741,$77.57
MacKenzie Cortez,(321) 866-5032,pellentesque.habitant@outlook.edu,224-3840 Non Road,11604,$84.75
Kato Mercado,1-385-241-8345,nunc.ut.erat@hotmail.net,492-9875 Vel Av.,9886 VP,$9.31
Brynne Carney,(657) 815-6826,ullamcorper.duis@yahoo.com,173-4292 Magnis Av.,33213,$81.25
Quinlan Levy,1-396-442-9021,urna.justo@yahoo.edu,Ap #454-5455 Metus Road,B3L 9W6,$95.95
Aretha Knight,(297) 532-4856,laoreet@google.org,"P.O. Box 359, 1720 Vehicula Avenue",8725,$19.76
Valentine Mcmillan,1-662-422-8239,morbi.quis.urna@google.edu,8921 Elementum Rd.,56784,$14.30
Naomi Sellers,1-978-879-8984,erat.eget@yahoo.ca,"8809 Purus, Av.",50104,$59.46
Emery Harding,1-515-488-3179,augue.ut@hotmail.org,827-807 Nullam Av.,81-142,$98.20
MacKenzie Combs,1-133-914-4632,iaculis.enim.sit@icloud.org,632-6585 Metus Rd.,30711,$23.43
Melinda Gibson,(641) 508-5786,dis.parturient@icloud.edu,"Ap #573-2220 Eleifend, Rd.",5963,$83.31
Jacqueline Lara,(576) 685-6248,aliquam.iaculis.lacus@google.com,Ap #112-1884 In Avenue,877913,$30.08
Kenyon Snow,(853) 370-8533,fermentum.risus.at@protonmail.edu,Ap #230-9513 Diam Ave,50515,$86.46
Megan Whitney,(342) 731-1660,facilisis@yahoo.ca,4965 Rutrum Road,765544,$27.51
Lawrence Hoffman,(439) 655-8129,auctor.ullamcorper@protonmail.ca,Ap #804-3912 Ante Rd.,32435,$81.57
Stone Everett,(884) 286-0744,lectus.quis@google.net,139-5705 Lectus St.,0177,$25.45
Ursula Fields,1-351-275-1862,aliquam@hotmail.ca,7172 Non Road,07937,$23.76
Inez Riddle,1-502-762-7358,vulputate.nisi@aol.com,768-7029 Vitae Av.,7217,$3.67
Jamal Crawford,1-284-706-5976,non@aol.net,Ap #570-8286 Nunc Rd.,23045-55514,$49.99
Jackson Avery,(547) 537-1345,facilisis.non.bibendum@aol.org,"P.O. Box 685, 111 Lacus. Road",15366,$31.81
Caleb Bird,1-236-683-1115,erat.nonummy.ultricies@google.com,560-7545 Dapibus St.,63G 8W8,$8.35
Shana Carrillo,1-844-632-3286,nec.ante.maecenas@yahoo.com,9901 Mauris St.,2062,$30.71
Colby Stark,(858) 353-3733,ipsum@protonmail.org,823-1551 In Rd.,7318,$53.26
Germaine Day,(533) 932-0133,commodo@yahoo.net,"P.O. Box 413, 6957 Phasellus Rd.",46512,$92.06
Quyn Howell,(311) 377-3165,ac@hotmail.couk,"P.O. Box 498, 6231 Consectetuer Road",50371,$37.92
Allen Fisher,1-797-303-7491,semper.dui.lectus@google.couk,"P.O. Box 534, 7239 Mattis. Ave",412251,$90.98
Robert Arnold,(858) 818-8069,adipiscing.enim.mi@yahoo.org,671-7343 Magnis St.,9251,$79.81
Hall Bush,(977) 412-5725,felis.ullamcorper@yahoo.edu,Ap #392-4351 Pretium Ave,284306,$42.83
Cheyenne Goff,(311) 747-7624,pellentesque.eget.dictum@outlook.com,4247 Egestas. St.,490546,$6.14
Daryl Foster,(507) 905-6810,quam.elementum.at@icloud.couk,Ap #464-4002 Scelerisque St.,01572,$91.28
Adam Bauer,1-959-365-8235,vitae.posuere.at@google.ca,9000 Mi Road,79263,$52.00
Bell Jones,1-817-511-3982,sem.eget@protonmail.ca,Ap #261-3015 Arcu Av.,6437,$86.89
Melinda Cook,1-579-802-6313,aliquam@google.edu,4224 Dictum St.,76701-328,$80.61
Asher Yang,1-277-582-4225,sapien.cursus@icloud.com,Ap #821-2870 Varius. St.,248328,$93.78
Rae Talley,(689) 700-1654,donec@outlook.couk,426-3806 Hendrerit Ave,5430,$63.11
Kenyon Patton,(464) 295-9683,aliquam.arcu.aliquam@yahoo.ca,9017 Cubilia Ave,27637,$84.62
Fiona Villarreal,1-966-364-3055,vitae.risus@icloud.com,Ap #908-5639 Proin St.,13672,$65.92
Graiden Pollard,1-346-494-6686,tellus.sem@yahoo.org,Ap #363-9735 Tempor St.,28332,$37.59
Randall Copeland,1-333-128-5671,vitae.orci.phasellus@outlook.com,331-4296 Duis St.,261757,$47.13
Dale Avila,1-391-566-5733,dolor@protonmail.couk,Ap #494-2550 Sed Road,3411,$91.92
Bradley Sullivan,1-675-368-2684,adipiscing@protonmail.couk,Ap #342-2390 Orci. Av.,24666,$15.88
Amena Mills,(245) 642-0853,nisi@yahoo.edu,"P.O. Box 541, 5496 Quam. St.",1373,$94.56
Damian Howard,(148) 845-7254,risus.donec@aol.com,"P.O. Box 125, 9838 Mauris Street",89619,$6.35
Allistair Willis,(339) 418-0236,dictum.mi.ac@aol.net,"4705 Montes, Avenue",73-68,$92.30
Carly Colon,1-781-445-1748,diam@google.couk,784-2419 Pede. Rd.,3197,$82.69
Damon Bullock,1-785-695-7292,suspendisse@google.ca,214-8975 Proin St.,9888-2184,$31.26
Nissim Herman,(540) 914-6987,malesuada.augue.ut@outlook.org,356-8608 Nullam Ave,40903,$72.06
Candice Strong,(276) 911-5794,adipiscing@icloud.ca,Ap #196-195 Mauris Av.,6725,$25.18
Summer Estes,1-215-251-9472,ante.dictum@icloud.net,"P.O. Box 951, 9825 Ac, Rd.",873583,$59.29
Tana Willis,1-659-885-5788,donec.luctus.aliquet@google.couk,"P.O. Box 176, 4273 Euismod St.",34M 7B0,$4.24
Damian Hart,1-417-212-3078,amet@hotmail.org,1620 Eleifend St.,32770,$53.84
Dolan Mccray,(110) 952-0263,ante.ipsum@protonmail.ca,Ap #944-930 Sed Ave,22175-294,$11.08
Whoopi Houston,(713) 226-2676,sed.congue.elit@aol.org,1573 A St.,85018,$72.41
Wanda Pearson,1-974-288-8414,ullamcorper.duis.cursus@protonmail.net,"5563 Risus, St.",635830,$24.16
Tamara Bolton,1-725-472-7054,nec.cursus.a@icloud.net,Ap #636-4662 Nullam St.,04274,$41.53
Anastasia Romero,1-268-912-2709,ac@hotmail.com,Ap #755-3174 Nullam St.,2008,$31.88
Dora Diaz,(447) 415-8614,vehicula.et.rutrum@aol.couk,Ap #114-2794 Sed St.,565745,$97.30
Charity Powers,1-441-606-5110,et.magnis@aol.ca,"469-4675 Augue, Road",29-48,$86.75
Moana Houston,1-300-443-5716,scelerisque.scelerisque@yahoo.net,3416 Non Rd.,D63 2TN,$19.52
Montana Larsen,(471) 789-1287,non.ante.bibendum@yahoo.org,"Ap #533-1682 At, St.",12775,$8.45
Jelani Peck,(735) 443-8409,dui.suspendisse.ac@icloud.edu,7429 Mattis Rd.,53167-784,$84.25
Gretchen Whitley,(121) 316-6926,eu@google.ca,"Ap #667-5001 At, Road",6161,$78.28
Hiroko Walker,1-888-487-1182,fringilla.est.mauris@icloud.ca,Ap #376-7882 Luctus Street,18826,$97.83
Aidan Ball,1-380-120-3846,tincidunt@hotmail.couk,Ap #579-2936 Id Ave,641768,$70.45
Keely Alvarez,1-715-667-3957,ante.vivamus@aol.couk,"P.O. Box 183, 4836 Orci, Avenue",21716,$12.24
May Jacobs,(371) 334-6206,convallis.in.cursus@yahoo.ca,"P.O. Box 339, 7002 Purus Av.",380817,$2.20
Marsden Buckley,1-979-667-5323,curabitur.ut@aol.com,606-1795 Orci Rd.,627223,$11.83
Mallory Schmidt,(566) 753-2818,gravida@yahoo.edu,147-4484 Quisque Av.,66313,$50.33
Giacomo Casey,1-782-120-6658,porttitor.tellus.non@hotmail.com,"306-7589 Nec, Rd.",27-26,$98.83
Elaine Gallegos,1-732-853-8148,mauris.magna@icloud.couk,835-4954 Ridiculus Street,246832,$84.12
Francis Donaldson,(563) 114-8485,vestibulum@yahoo.couk,695-9622 Congue. Rd.,38266,$68.43
Tana Hanson,1-399-344-8241,sapien.cras.dolor@outlook.couk,758-6000 Natoque Street,468365,$7.33
Garrison Swanson,1-703-631-3512,nonummy.ut@google.ca,"Ap #901-9481 Nec, Ave",6954,$53.59
Maxine Mays,1-114-110-6313,vitae.sodales.nisi@hotmail.edu,"Ap #758-8042 Pharetra, Av.",Y3H 6H8,$61.15
Silas Mcintyre,(812) 927-5825,arcu.sed@aol.edu,"P.O. Box 523, 8156 Venenatis Road",02212,$56.73
Paul Cooley,(414) 320-5377,eget.mollis@outlook.org,551-452 Dui. Avenue,27787,$60.99
Ali Lowe,(838) 112-6453,lorem.ut.aliquam@hotmail.ca,Ap #333-8810 Vel Av.,4913,$43.18
Madaline Preston,1-228-766-2422,dui.cum@aol.edu,Ap #950-2060 Diam St.,6744,$90.18
Ina Holcomb,(159) 817-7676,ultrices.a@hotmail.org,594-9807 Integer Road,80123-35639,$1.61
Roanna Oneal,(518) 536-7672,nulla.ante.iaculis@icloud.com,306-2117 Leo Avenue,638573,$66.78
Gage Roberts,1-777-884-7586,curabitur.sed@google.net,Ap #518-8352 Eget Road,44098,$9.96
Amity Blackburn,(535) 626-1066,eros.nam@icloud.ca,Ap #118-1497 Consectetuer Rd.,6742,$54.38
Georgia Warren,1-955-959-8211,consectetuer.euismod@aol.couk,Ap #942-5942 Aliquam Ave,82787,$59.85
Andrew Delgado,(694) 997-3067,nunc.ullamcorper@hotmail.net,"P.O. Box 463, 6650 Mauris Ave",66-87,$22.22
Adam Bryan,1-874-888-9657,laoreet.ipsum@icloud.org,2096 Neque. Street,526679,$54.93
